w_no,w_name,w_area,bu_2000,bu_2022,buchg_abs,buchg_per,ndvi_2000,ndvi_2022,ndvichg_abs,ndvichg_per,slp_min,slp_max,slp_rng,slp_mean,elv-min,elv_max,elv_rng,elv_mean,tot_p,tot_m,tot_f,Latitude,Longitude,TS_2000,QV2M_2000,PRECTOTCORR_2000,WS10M_MAX_2000,WS50M_MAX_2000,TS_2022,QV2M_2022,PRECTOTCORR_2022,WS10M_MAX_2022,WS50M_MAX_2022
1,Kapra,8.85,2.96,7.36,4.39,49.65,1.18,0.38,-3.21,-36.28,0,10.67,10.67,2.5,531,583,52,555.53,44149,22411,21738,17.4302,78.5132,26.5765,12.1546,2.5542,5.4532,7.4686,26.4064,13.5101,2.6465,5.2672,7.2976
2,Dr.A.S.Rao Nagar,4.61,2.45,3.61,1.16,25.11,0.56,0.28,-0.59,-12.92,0,16.5,16.5,2.62,525,573,48,550.39,59164,30605,28559,17.1833,78.225,26.5765,12.1546,2.5542,5.4532,7.4686,26.4064,13.5101,2.6465,5.2672,7.2976
3,Cherlapally,14.82,4.74,9.38,4.63,31.26,1.95,2.11,-2.68,-18.07,0,15.03,15.03,2.47,505,564,59,531.53,57747,29417,28330,17.0917,78.1333,26.5765,12.1546,2.5542,5.4532,7.4686,26.4064,13.5101,2.6465,5.2672,7.2976
4,Meerpet H.B. Colony,3,1.56,2.26,0.7,23.32,0.57,0.16,-0.12,-4.15,0,15.99,15.99,3.14,518,573,55,542,67130,34145,32985,17,78.0417,26.5765,12.1546,2.5542,5.4532,7.4686,26.4064,13.5101,2.6465,5.2672,7.2976
5,Mallapur,6.93,2.57,4.13,1.57,22.64,1.08,1.07,-0.48,-6.99,0,13.11,13.11,2.63,498,556,58,527.02,57688,29544,28144,16.9083,77.95,26.5765,12.1546,2.5542,5.4532,7.4686,26.4064,13.5101,2.6465,5.2672,7.2976
6,Nacharam,5.05,2.34,3.18,0.83,16.48,0.98,0.15,0.14,2.87,0,11.58,11.58,2.58,492,536,44,511.2,52167,26057,26110,16.8167,77.8583,26.5765,12.1546,2.5542,5.4532,7.4686,26.4064,13.5101,2.6465,5.2672,7.2976
7,Chiluka Nagar,2.92,1.68,1.96,0.29,9.88,0.8,0.14,0.51,17.39,0,8.91,8.91,2.55,480,516,36,496.45,59061,30161,28900,16.725,77.7667,26.5765,12.1546,2.5542,5.4532,7.4686,26.4064,13.5101,2.6465,5.2672,7.2976
8,Habsiguda,5.24,2.41,2.56,0.15,2.83,0.7,0.5,0.55,10.57,0,22.23,22.23,2.71,476,534,58,505.9,75227,38377,36850,16.6333,77.675,26.5765,12.1546,2.5542,5.4532,7.4686,26.4064,13.5101,2.6465,5.2672,7.2976
9,Ramanthapur,2.76,1.51,2.15,0.65,23.4,1.14,0.03,0.49,17.73,0,10.95,10.95,2.25,468,505,37,485.73,68161,34810,33351,16.5417,77.5833,26.5765,12.1546,2.5542,5.4532,7.4686,26.4064,13.5101,2.6465,5.2672,7.2976
10,Uppal,8.33,2.38,6.01,3.63,43.57,5,0.35,1.37,16.38,0,9.18,9.18,2.05,461,504,43,479.71,68115,35052,33063,17.4167,78.5417,26.5765,12.1546,2.5542,5.4532,7.4686,26.4064,13.5101,2.6465,5.2672,7.2976
11,Nagole,11.18,3.21,6.16,2.95,26.39,1.84,0.41,-1.11,-9.89,0,14.22,14.22,2.46,456,525,69,489.01,50462,25680,24782,17.35,78.3417,26.5765,12.1546,2.5542,5.4532,7.4686,26.4064,13.5101,2.6465,5.2672,7.2976
12,Mansoorabad,11.09,3.58,7.21,3.63,32.73,0.36,0.14,-3.27,-29.5,0,12.77,12.77,2.44,490,541,51,512.59,81484,41850,39634,17.1667,78.25,27.8889,10.8803,1.7971,5.5621,7.9277,27.6336,12.6654,2.3981,5.399,7.5787
13,Hayath Nagar,10.09,2.82,7.16,4.35,43.1,1.02,0.28,-3.32,-32.95,0,9.23,9.23,2.32,495,541,46,514.69,57789,29739,28050,16.9833,78.1583,26.5765,12.1546,2.5542,5.4532,7.4686,26.4064,13.5101,2.6465,5.2672,7.2976
14,B.N.Reddy Nagar,8.73,2.5,5.9,3.4,38.97,0.43,0.12,-2.97,-34.01,0,14.43,14.43,2.49,514,571,57,534.71,51227,26325,24902,17.325,78.3667,26.5765,12.1546,2.5542,5.4532,7.4686,26.4064,13.5101,2.6465,5.2672,7.2976
15,Vanasthalipuram,3.64,2.36,3.4,1.04,28.72,0.05,0,-0.99,-27.21,0,13.08,13.08,2.51,505,557,52,527.82,55245,27792,27453,17.2333,78.275,26.5765,12.1546,2.5542,5.4532,7.4686,26.4064,13.5101,2.6465,5.2672,7.2976
16,Hasthinapuram,5.03,1.26,4.94,3.68,73.17,0.22,0,-3.47,-68.86,0,10.7,10.7,2.64,497,546,49,520.41,37079,18845,18234,17.2167,78.2583,26.5765,12.1546,2.5542,5.4532,7.4686,26.4064,5.2672,2.6465,5.2672,7.2976
17,Champapet,2.22,1.73,2.18,0.45,20.07,0.04,0,-0.41,-18.29,0,7.22,7.22,2.3,491,519,28,505.31,33864,17338,16526,17.2083,78.25,26.5765,12.1546,2.5542,5.4532,7.4686,26.4064,13.5101,2.6465,5.2672,7.2976
18,Lingojiguda,2.7,2.43,2.69,0.25,9.35,0.05,0,-0.2,-7.54,0,9.82,9.82,2.21,485,519,34,502.41,25242,13010,12232,17.2,78.2417,26.5765,12.1546,2.5542,5.4532,7.4686,26.4064,13.5101,2.6465,5.2672,7.2976
19,Saroor Nagar,2.29,1.97,2.07,0.1,4.32,0,0,-0.09,-4.13,0,7.57,7.57,2.45,481,517,36,497.94,45226,22908,22318,17.1917,78.2333,26.5765,12.1546,2.5542,5.4532,7.4686,26.4064,5.2672,2.6465,5.2672,7.2976
20,R.K. Puram,2.47,2.24,2.41,0.17,6.89,0,0,-0.17,-6.89,0,7.23,7.23,2.27,481,514,33,497.2,45484,23220,22264,17.175,78.2167,26.5765,12.1546,2.5542,5.4532,7.4686,26.4064,13.5101,2.6465,5.2672,7.2976
21,Kothapet,2.44,1.91,2.11,0.21,8.43,0.61,0.01,0.41,16.63,0,11.49,11.49,2.63,462,514,52,481.05,56751,29434,27317,17.1667,78.2083,26.5765,12.1546,2.5542,5.4532,7.4686,26.4064,13.5101,2.6465,5.2672,7.2976
22,Chaithanyapuri,2.21,1.57,1.67,0.1,4.49,0.55,0.2,0.45,20.23,0,13.25,13.25,2.62,464,501,37,480.5,47220,24351,22869,17.1583,78.2,28.2756,13.7588,2.4174,5.2107,7.2035,28.1496,14.6472,2.5032,5.099,7.0882
23,Gaddiannaram,1.45,1.4,1.45,0.04,2.85,0.04,0,0,0.12,0,6.66,6.66,1.9,482,499,17,488.76,35196,17903,17293,17.15,78.1917,26.5765,12.1546,2.5542,5.4532,7.4686,26.4064,13.5101,2.6465,5.2672,7.2976
24,Saidabad,1.79,1.77,1.77,0,0.13,0.01,0.02,0.06,3.31,0,12.66,12.66,2.82,489,528,39,507.47,60763,31814,28949,17.1417,78.1833,26.5765,2.5542,12.1546,5.4532,7.4686,26.4064,13.5101,2.6465,5.2672,7.2976
25,Moosarambagh,2.05,1.69,1.86,0.17,8.46,0.32,0.02,0.14,6.97,0,9.52,9.52,2.55,470,511,41,490.55,22589,11580,11009,17.1333,78.175,26.9367,12.6659,2.2757,5.5031,7.5488,26.4064,13.5101,2.6465,5.2672,7.2976
26,Old Malakpet,2.33,1.63,1.63,0,0,0.34,0.14,0.36,15.4,0,22.33,22.33,2.89,472,521,49,491.2,43599,22334,21265,17.125,78.1667,26.5765,12.1546,2.5542,5.4532,7.4686,26.4064,13.5101,2.6465,5.2672,7.2976
27,Akber Bagh,1.42,1.23,1.24,0.01,0.9,0.01,0.03,0.2,13.74,0,21.78,21.78,2.72,495,531,36,509.56,42758,22040,20718,17.1167,78.1583,26.5765,12.1546,2.5542,5.4532,7.4686,26.4064,13.5101,2.6465,5.2672,7.2976
28,Azampura,1.42,1.14,1.31,0.18,12.44,0.13,0,-0.05,-3.6,0,9.64,9.64,2.47,480,517,37,495.86,46256,23838,22418,17.1083,78.15,26.5765,12.1546,2.5542,5.4532,7.4686,26.4064,13.5101,2.6465,5.2672,7.2976
29,Chawani,0.99,0.94,0.94,0,0.11,0,0,0,0.09,0,7.42,7.42,2.32,498,523,25,509.34,54010,27701,26309,17.1,78.1417,26.5765,12.1546,2.5542,5.4532,7.4686,26.4064,13.5101,2.6465,5.2672,7.2976
30,Dabeerpura,1.37,1.1,1.17,0.07,5.12,0.13,0.01,0.06,4.4,0,9.14,9.14,2.33,483,508,25,497.26,22888,11663,11225,17.0833,78.125,26.5765,12.1546,2.5542,5.4532,7.4686,26.4064,13.5101,2.6465,5.2672,7.2976
31,Rain Bazar,0.67,0.67,0.67,0,0,0,0,0,0,0,6.85,6.85,1.92,496,514,18,504.04,25280,13145,12135,17.075,78.1167,26.5765,12.1546,2.5542,5.4532,7.4686,26.4064,13.5101,2.6465,5.2672,7.2976
32,Pathergatti,1.77,1.54,1.58,0.04,1.98,0.11,0.04,0.07,4.22,0,11.7,11.7,2.53,483,519,36,504.27,39521,20172,19349,17.0667,78.1083,26.5765,12.1546,2.5542,5.4532,7.4686,26.4064,13.5101,2.6465,5.2672,7.2976
33,Moghalpura,0.84,0.84,0.85,0,0.32,0,0,0,-0.32,0,7.35,7.35,2.09,506,526,20,515.37,23269,12161,11108,17.0583,78.1,26.5765,12.1546,2.5542,5.4532,7.4686,26.4064,13.5101,2.6465,5.2672,7.2976
34,Talabchanchalam,0.65,0.65,0.65,0,0.69,0,0,0,-0.14,0,4.95,4.95,1.78,501,515,14,506.77,47127,24304,22823,17.05,78.0917,26.5765,12.1546,2.5542,5.4532,7.4686,26.4064,13.5101,2.6465,5.2672,7.2976
35,Gowlipura,1.05,1.02,1.04,0.02,1.63,0.05,0,0.04,3.51,0,6.66,6.66,1.89,505,534,29,519.39,40214,20350,19864,17.0417,78.0833,26.5765,12.1546,2.5542,5.4532,7.4686,26.4064,13.5101,2.6465,5.2672,7.2976
36,Lalithabagh,1,0.97,0.98,0.01,1.21,0.09,0.01,0.12,11.53,0,5.86,5.86,2.02,503,516,13,510.12,32375,16591,15784,17.0333,78.075,26.5765,12.1546,2.5542,5.4532,7.4686,26.4064,13.5101,2.6465,5.2672,7.2976
37,Kurmaguda,1.02,1.01,1.02,0.01,0.79,0,0,-0.01,-0.79,0,6.62,6.62,1.98,503,520,17,511.57,30725,15904,14821,17.025,78.0667,26.5765,12.1546,2.5542,5.4532,7.4686,26.4064,13.5101,2.6465,5.2672,7.2976
38,I.S.Sadan,2.66,1.92,2.17,0.26,9.73,0.04,0.02,-0.22,-8.38,0,8.59,8.59,2.26,488,517,29,499.89,25782,13328,12454,17.0167,78.0583,26.5765,12.1546,2.5542,5.4532,7.4686,26.4064,13.5101,2.6465,5.2672,7.2976
39,Santosh Nagar,1.08,1.05,1.05,0,0.36,0,0,0.03,2.66,0,8.68,8.68,2.26,504,528,24,514.75,68878,35824,33054,17.0083,78.05,26.5765,12.1546,2.5542,5.4532,7.4686,26.4064,13.5101,2.6465,5.2672,7.2976
40,Riyasat Nagar,1.13,1.04,1.08,0.04,3.51,0.04,0,0,0.24,0,6.62,6.62,2.17,507,530,23,517.84,31269,16101,15168,16.9917,78.0333,26.5765,12.1546,2.5542,5.4532,7.4686,26.4064,13.5101,2.6465,5.2672,7.2976
41,Kanchanbagh,4.99,1.52,1.7,0.18,3.52,0.65,0.07,0.47,9.45,0,15.56,15.56,2.77,516,563,47,532.1,31812,16073,15739,16.9833,78.025,26.5765,12.1546,2.5542,5.4532,7.4686,26.4064,13.5101,2.6465,5.2672,7.2976
42,Barkas,1.63,0.91,0.98,0.07,4.42,0.38,0.02,0.31,19.11,0,9.55,9.55,2.81,526,559,33,542.9,28678,14588,14090,16.975,78.0167,26.5765,12.1546,2.5542,5.4532,7.4686,26.4064,13.5101,2.6465,5.2672,7.2976
43,Chandrayangutta,1.95,1.48,1.66,0.18,9.13,0.14,0.01,-0.03,-1.71,0,20.05,20.05,2.87,513,566,53,529.97,57542,31214,26328,16.9667,78.0083,26.5765,12.1546,2.5542,5.4532,7.4686,26.4064,13.5101,2.6465,5.2672,7.2976
44,Uppuguda,1.41,1.28,1.37,0.09,6.58,0.16,0,0.07,4.73,0,6.92,6.92,2.18,507,527,20,515.69,41854,21339,20515,16.9583,78,26.5765,12.1546,2.5542,5.4532,7.4686,26.4064,13.5101,2.6465,5.2672,7.2976
45,Jangammet,1.68,1.55,1.55,0,0.11,0.14,0,0.13,7.91,0,11.64,11.64,2.13,513,541,28,523.73,38433,19898,18535,16.95,77.9917,26.5765,12.1546,2.5542,5.4532,7.4686,26.4064,13.5101,2.6465,5.2672,7.2976
46,Falaknuma,1.87,1.05,1.62,0.56,30.19,0.04,0.03,-0.53,-28.22,0,22.78,22.78,5.08,519,590,71,541.19,21082,10942,10140,16.9417,77.9833,26.5765,12.1546,2.5542,5.4532,7.4686,26.4064,13.5101,2.6465,5.2672,7.2976
47,Nawabsaheb Kunta,1.03,0.9,1,0.1,9.55,0,0,-0.1,-9.55,0,15.23,15.23,3.84,528,571,43,542.09,28268,14579,13689,16.9333,77.975,26.5765,12.1546,2.5542,5.4532,7.4686,26.4064,13.5101,2.6465,5.2672,7.2976
48,Shali Banda,1.55,1.44,1.53,0.09,6.05,0.08,0,-0.02,-1.16,0,6.47,6.47,2.17,509,539,30,525.7,37323,19742,17581,16.925,77.9667,26.5765,12.1546,2.5542,5.4532,7.4686,26.4064,13.5101,2.6465,5.2672,7.2976
49,Gansi Bazar,1.83,1.35,1.42,0.07,4.03,0.27,0.05,0.2,10.65,0,12.81,12.81,2.57,484,519,35,502.18,17601,9222,8379,16.9167,77.9583,26.5765,12.1546,2.5542,5.4532,7.4686,26.4064,13.5101,2.6465,5.2672,7.2976
50,Begum Bazar,1.38,1.26,1.32,0.06,4.11,0.02,0,-0.04,-2.61,0,7.26,7.26,2.14,490,511,21,499.95,30615,15687,14928,16.9,77.9417,26.5765,12.1546,2.5542,5.4532,7.4686,26.4064,13.5101,2.6465,5.2672,7.2976
51,Gosha Mahal,1.08,0.8,0.96,0.16,14.95,0.06,0,-0.1,-9.27,0,8.95,8.95,2.3,489,511,22,501.92,35729,18674,17055,16.8917,77.9333,26.5764,12.1546,2.5542,5.4532,7.4686,26.4064,13.5101,2.6465,5.2672,7.2976
52,Puranapool,0.76,0.73,0.75,0.02,2.36,0.01,0,-0.01,-1.54,0,8.67,8.67,1.91,495,518,23,506.68,28660,14772,13888,16.8833,77.925,26.5764,12.1546,2.5542,5.4532,7.4686,26.4064,13.5101,2.6465,5.2672,7.2976
53,Doodbowli,1.19,0.92,1.15,0.24,19.88,0.07,0,-0.17,-14.36,0,8.21,8.21,2,492,523,31,508.92,31292,16017,15275,16.875,77.9167,26.5764,12.1546,2.5542,5.4532,7.4686,26.4064,13.5101,2.6465,5.2672,7.2976
54,Jahanuma,1.52,1.37,1.49,0.12,8.07,0.03,0,-0.09,-5.81,0,16.09,16.09,3.13,512,553,41,527.73,40105,20614,19491,16.8667,77.9083,26.5764,12.1546,2.5542,5.4532,7.4686,26.4064,13.5101,2.6465,5.2672,7.2976
55,Ramnastpura,4.3,1.05,1.48,0.43,9.94,1.1,2.03,0.67,15.67,0,13.16,13.16,2.36,499,540,41,515.41,38482,19580,18902,16.8583,77.9,26.5764,12.1546,2.5542,5.4532,7.4686,26.4064,13.5101,2.6465,5.2672,7.2976
56,Kishan Bagh,1.43,1.17,1.28,0.12,8.09,0.18,0.11,0.07,4.58,0,11.58,11.58,2.38,492,539,47,506.47,56773,28928,27845,16.85,77.8917,26.5764,12.1546,2.5542,5.4532,7.4686,26.4064,13.5101,2.6465,5.2672,7.2976
57,Suleman Nagar,3.5,1.64,2.48,0.84,24.09,0.16,0.33,-0.68,-19.58,0,23.01,23.01,4.44,515,573,58,535.55,53631,27507,26124,16.8417,77.8833,26.4491,11.6372,2.607,5.4904,7.5972,26.4379,13.1235,2.5557,5.3055,7.4229
58,Shastripuram,4.85,1.61,4.46,2.85,58.77,0.16,0.04,-2.69,-55.43,0,18.81,18.81,3.72,516,590,74,541.01,52306,27228,25078,16.8333,77.875,26.5764,12.1546,2.5542,5.4532,7.4686,26.4064,13.5101,2.6465,5.2672,7.2976
59,Mailardevpally,13.17,4.7,8.27,3.57,27.12,1.18,1.94,-2.39,-18.16,0,11.52,11.52,2.79,528,591,63,553.47,57040,28734,28306,16.825,77.8667,26.5764,12.1546,2.5542,5.4532,7.4686,26.4064,13.5101,2.6465,5.2672,7.2976
60,Rajendra Nagar,22.19,6.74,8.74,2,9,2.71,5.61,0.71,3.2,0,19.08,19.08,3.31,496,613,117,537.46,66846,34234,32612,16.8083,77.85,26.4491,11.6372,2.607,5.4904,7.5972,26.4379,13.1235,2.5557,5.3055,7.4229
61,Attapur,4.38,2.79,4.08,1.3,29.6,0.89,0.13,-0.41,-9.39,0,14.08,14.08,2.86,494,556,62,515.56,43718,22499,21219,16.8,77.8417,26.4491,11.6372,2.607,5.4904,7.5972,26.4379,13.1235,2.5557,5.3055,7.4229
62,Ziaguda,1.71,1.35,1.39,0.04,2.63,0.14,0.03,0.09,5.31,0,7.75,7.75,2.46,488,515,27,500.23,33674,17334,16340,16.7917,77.8333,26.5764,12.1546,2.5542,5.4532,7.4686,26.4064,13.5101,2.6465,5.2672,7.2976
63,Mangalhat,1.17,0.94,1.06,0.12,10.45,0.11,0.01,-0.02,-1.46,0,21.29,21.29,3.44,497,554,57,512.1,37129,19065,18064,16.7833,77.825,26.5764,12.1546,2.5542,5.4532,7.4686,26.4064,13.5101,2.6465,5.2672,7.2976
64,Dattathreya Nagar,0.68,0.64,0.68,0.04,6.08,0,0,-0.04,-6.08,0,13,13,3.55,503,539,36,517.74,42684,21766,20918,16.775,77.8167,26.5764,12.1546,2.5542,5.4532,7.4686,26.4064,13.5101,2.6465,5.2672,7.2976
65,Karwan,1.97,1.53,1.78,0.25,12.51,0.36,0.01,0.11,5.75,0,12.75,12.75,2.54,485,530,45,506.07,42365,21824,20541,16.7667,77.8083,26.4491,11.6372,2.607,5.4904,7.5972,26.4379,13.1235,2.5557,5.3055,7.4229
66,Lunger House,7.17,3.17,3.17,0,0.07,1.63,1.3,2.2,30.61,0,26,26,3.42,492,608,116,522.23,41452,20894,20558,16.7583,77.8,26.4491,11.6372,2.607,5.4904,7.5972,26.4379,13.1235,2.5557,5.3055,7.4229
67,Golconda,2.62,1.86,1.87,0.01,0.2,0.45,0.08,0.75,28.74,0,25.61,25.61,2.53,503,549,46,521.82,40688,21165,19523,16.75,77.7917,26.4491,11.6372,2.607,5.4904,7.5972,26.4379,13.1235,2.5557,5.3055,7.4229
68,Tolichowki,2.19,1.32,1.32,0,0,0.66,0.55,0.83,38.02,0,15.53,15.53,2.82,510,551,41,526.16,60074,30664,29410,16.7417,77.7833,26.4491,11.6372,2.607,5.4904,7.5972,26.4379,13.1235,2.5557,5.3055,7.4229
69,Nanal Nagar,3.01,1.67,1.67,0,0.05,0.46,0.57,0.84,27.95,0,19.59,19.59,2.89,511,595,84,536.87,39933,20532,19401,16.7333,77.775,26.4491,11.6372,2.607,5.4904,7.5972,26.4379,13.1235,2.5557,5.3055,7.4229
70,Mehdipatnam,1.21,1.15,1.17,0.02,1.64,0,0,-0.02,-1.64,0,10.32,10.32,2.59,518,543,25,529.79,63787,31868,31919,16.7167,77.7583,26.4491,11.6372,2.607,5.4904,7.5972,26.4379,13.1235,2.5557,5.3055,7.4229
71,Gudimalkapur,1.68,1.22,1.44,0.22,12.96,0.1,0.01,-0.12,-7.07,0,19.51,19.51,3.47,503,558,55,519.68,49565,26517,23048,16.7083,77.75,26.4491,11.6372,2.607,5.4904,7.5972,26.4379,13.1235,2.5557,5.3055,7.4229
72,Asif Nagar,1.22,1.16,1.2,0.04,3.1,0,0,-0.04,-3.1,0,18.68,18.68,2.88,511,548,37,523.84,40889,20907,19982,16.7,77.7417,26.5764,12.1546,2.5542,5.4532,7.4686,26.4064,13.5101,2.6465,5.2672,7.2976
73,Vijay Nagar Colony,1.7,1.45,1.48,0.03,1.74,0.06,0.01,0.03,1.96,0,12.32,12.32,2.63,511,550,39,523.93,31635,15838,15797,16.6917,77.7333,26.5764,12.1546,2.5542,5.4532,7.4686,26.4064,13.5101,2.6465,5.2672,7.2976
74,Ahmed Nagar,1.74,1.33,1.34,0,0.23,0.11,0.18,0.42,24.39,0,21.09,21.09,3.23,517,592,75,535.85,25847,12921,12926,16.6833,77.725,26.5764,12.1546,2.5542,5.4532,7.4686,26.4064,13.5101,2.6465,5.2672,7.2976
75,Red Hills,1.92,1.44,1.47,0.02,1.17,0.14,0.06,0.11,5.89,0,12.24,12.24,3.21,502,545,43,523.28,34868,17851,17017,16.675,77.7167,26.5764,12.1546,2.5542,5.4532,7.4686,26.4064,13.5101,2.6465,5.2672,7.2976
76,Mallepally,0.94,0.94,0.94,0,0.03,0,0,0,0.19,0,6.26,6.26,2.04,502,523,21,511.55,27280,13864,13416,16.6667,77.7083,26.5764,12.1546,2.5542,5.4532,7.4686,26.4064,13.5101,2.6465,5.2672,7.2976
77,Jambagh (Nampally),2.07,1.8,1.94,0.14,6.75,0,0,-0.14,-6.71,0,8.53,8.53,2.41,493,518,25,504.49,40798,20788,20010,16.6583,77.7,26.5764,12.1546,2.5542,5.4532,7.4686,26.4064,13.5101,2.6465,5.2672,7.2976
78,Gunfoundry (Abids),3.21,2.44,2.52,0.08,2.41,0.1,0,0.02,0.76,0,24.8,24.8,3.39,488,563,75,514.06,22309,11134,11175,16.65,77.6917,26.5764,12.1546,2.5542,5.4532,7.4686,26.4064,13.5101,2.6465,5.2672,7.2976
79,Himayat Nagar,1.99,1.88,1.9,0.02,0.77,0,0,-0.01,-0.73,0,9.13,9.13,2.64,489,526,37,509.98,31267,15861,15406,16.6417,77.6833,26.5764,12.1546,2.5542,5.4532,7.4686,26.4064,13.5101,2.6465,5.2672,7.2976
80,Kachiguda (Barkathpura),1.47,1.41,1.41,0,0.09,0.01,0,0.01,0.61,0,7.39,7.39,2.48,486,511,25,499.12,40354,20406,19948,16.625,77.6667,26.5764,12.1546,2.5542,5.4532,7.4686,26.4064,13.5101,2.6465,5.2672,7.2976
81,Nallakunta,1.4,1.35,1.35,0,0.11,0,0,0.08,5.41,0,8.16,8.16,2.22,482,521,39,496.69,30388,15225,15163,16.6167,77.6583,26.5764,12.1546,2.5542,5.4532,7.4686,26.4064,13.5101,2.6465,5.2672,7.2976
82,Golnaka,1.49,1.28,1.28,0,0.12,0.12,0.01,0.13,8.46,0,7.94,7.94,2.36,478,497,19,487.93,37320,19029,18291,16.6083,77.65,26.5764,12.1546,2.5542,5.4532,7.4686,26.4064,13.5101,2.6465,5.2672,7.2976
83,Amberpet,1.68,1.39,1.4,0.01,0.49,0.09,0.06,0.38,22.36,0,9.37,9.37,2.17,477,501,24,490.33,26762,13407,13355,16.6,77.6417,26.5764,12.1546,2.5542,5.4532,7.4686,26.4064,13.5101,2.6465,5.2672,7.2976
84,Bagh Amberpet,1.58,1.48,1.49,0.01,0.5,0.01,0,0.07,4.73,0,7.5,7.5,2.28,488,524,36,502.17,41720,21375,20345,16.5917,77.6333,26.5764,12.1546,2.5542,5.4532,7.4686,26.4064,13.5101,2.6465,5.2672,7.2976
85,Adikmet,1.14,1.05,1.11,0.06,5.07,0,0,-0.06,-5.07,0,8.68,8.68,2.29,493,517,24,504.78,24826,12566,12260,16.5833,77.625,26.5764,12.1546,2.5542,5.4532,7.4686,26.4064,13.5101,2.6465,5.2672,7.2976
86,Musheerabad,0.85,0.82,0.82,0,0.2,0,0,0.06,7.5,0,10.51,10.51,2.38,504,530,26,515.68,27719,13980,13739,16.575,77.6167,26.5764,12.1546,2.5542,5.4532,7.4686,26.4064,13.5101,2.6465,5.2672,7.2976
87,Ramnagar,1.74,1.42,1.57,0.14,8.31,0.04,0,-0.11,-6.25,0,7.84,7.84,2.16,489,526,37,505.95,32531,16412,16119,16.5667,77.6083,26.5764,12.1546,2.5542,5.4532,7.4686,26.4064,13.5101,2.6465,5.2672,7.2976
88,Bholakpur,1.01,0.99,0.99,0,0.11,0.01,0,0.03,2.58,0,9.02,9.02,2.23,504,529,25,515.1,36526,18482,18044,16.5583,77.6,26.5764,12.1546,2.5542,5.4532,7.4686,26.4064,13.5101,2.6465,5.2672,7.2976
89,Gandhinagar,1.36,1.33,1.34,0.01,0.41,0.01,0,0.05,3.37,0,11.54,11.54,2.55,490,522,32,505.1,34664,17535,17129,16.55,77.5917,26.5764,12.1546,2.5542,5.4532,7.4686,26.4064,13.5101,2.6465,5.2672,7.2976
90,Kavadiguda,2.07,1.33,1.34,0,0.03,0.34,0.19,0.5,24.41,0,11.42,11.42,2.83,494,527,33,509.98,34899,17690,17209,16.5333,77.575,26.5764,12.1546,2.5542,5.4532,7.4686,26.4064,13.5101,2.6465,5.2672,7.2976
91,Khairtabad,8.89,3.16,3.17,0.01,0.08,0.41,0.13,0.64,7.18,0,18.21,18.21,2.04,507,569,62,520.76,28426,14584,13842,16.525,77.5667,26.5764,12.1546,2.5542,5.4532,7.4686,26.4064,13.5101,2.6465,5.2672,7.2976
92,Venkateshwara Colony,4.85,2.71,2.71,0,0.02,0.11,0.12,0.1,2.15,0,18.92,18.92,4.27,529,619,90,582.51,31697,16384,15313,16.5167,77.5583,26.5764,12.1546,2.5542,5.4532,7.4686,26.4064,13.5101,2.6465,5.2672,7.2976
93,Banjara Hills,3.49,3,3.09,0.08,2.37,0,0.01,-0.08,-2.27,0,26.51,26.51,5.34,522,604,82,569.01,26593,13166,13427,16.5083,77.55,26.5087,12.1231,2.5533,5.4399,7.4488,26.4012,13.5143,2.6465,5.272,7.2999
94,Shaikpet,4.4,2.35,4.04,1.69,38.32,0.45,0.01,-1.23,-28.05,0,14.8,14.8,3.06,524,577,53,543.36,28887,14539,14348,16.5,77.5417,26.4491,11.6372,2.607,5.4904,7.5972,26.4379,13.1235,2.5557,5.3055,7.4229
95,Jubilee Hills,8.9,6.98,7.16,0.17,1.95,0.12,0.09,-0.05,-0.61,0,27.58,27.58,5.41,539,637,98,591.52,32690,16413,16277,16.4917,77.5333,26.4491,11.6372,2.607,5.4904,7.5972,26.4379,13.1235,2.5557,5.3055,7.4229
96,Yousufguda,1.94,1.69,1.69,0,0.05,0.02,0.01,0.32,16.39,0,17.23,17.23,3.18,540,610,70,561.33,28768,14846,13922,16.4833,77.525,26.3807,11.606,2.6061,5.4767,7.5787,26.4317,13.1285,2.5557,5.3122,7.4277
97,Somajiguda,2.3,2.04,2.09,0.04,1.84,0.04,0.01,-0.01,-0.31,0,14.55,14.55,2.9,514,557,43,537.16,35780,18227,17553,16.475,77.5167,26.5764,12.1546,2.5542,5.4532,7.4686,26.4064,13.5101,2.6465,5.2672,7.2976
98,Ameerpet,2.42,2.08,2.08,0,0.05,0.12,0.05,0.15,6.24,0,15.86,15.86,2.67,514,555,41,536.97,26569,13395,13174,16.4667,77.5167,26.5764,12.1546,2.5542,5.4532,7.4686,26.4064,13.5101,2.6465,5.2672,7.2976
99,Vengal Rao Nagar,2.25,1.92,1.92,0,0.19,0.03,0.03,0.35,15.38,0,10.46,10.46,2.5,538,574,36,553.49,20958,10508,10450,16.4583,77.5083,26.5764,12.1546,2.5542,5.4532,7.4686,26.4064,13.5101,2.6465,5.2672,7.2976
100,Sanath Nagar,2.54,1.6,2.28,0.68,26.98,0.04,0.01,-0.65,-25.52,0,8.73,8.73,2.19,533,561,28,547.62,38112,19268,18844,17.425,78.4764,26.5764,12.1546,2.5542,5.4532,7.4686,26.4064,13.5101,2.6465,5.2672,7.2976
101,Erragadda,1.52,1.2,1.28,0.08,5.39,0.03,0.04,-0.05,-3.32,0,8.63,8.63,2.53,546,575,29,559.7,28195,14314,13881,17.4083,78.485,26.4491,11.6372,2.607,5.4904,7.5972,26.438,13.1235,2.5557,5.3055,7.4229
102,Rahamath Nagar,1.02,0.97,0.97,0,0.07,0,0,0.02,2.12,0,12.01,12.01,3.8,549,608,59,572.25,42054,21324,20730,17.4,78.4917,26.4491,11.6372,2.607,5.4904,7.5972,26.438,13.1235,2.5557,5.3055,7.4229
103,Borabanda,0.94,0.9,0.93,0.02,2.59,0,0,-0.02,-2.59,0,10.64,10.64,3.15,555,596,41,571.65,54039,27560,26479,17.3833,78.4917,26.4491,11.6372,2.607,5.4904,7.5972,26.438,13.1235,2.5557,5.3055,7.4229
104,Kondapur,14.62,4.06,11.36,7.3,49.96,0.28,0.07,-7.03,-48.07,0,27.65,27.65,3.89,542,629,87,587.88,30701,15341,15360,17.4417,78.4167,26.4491,11.6372,2.607,5.4904,7.5972,26.438,13.1235,2.5557,5.3055,7.4229
105,Gachibowli,49.95,8.06,21.17,13.11,26.26,3.45,1.86,-9.66,-19.34,0,24.9,24.9,3.02,520,633,113,579.44,69177,35124,34053,17.425,78.3917,26.4491,11.6372,2.607,5.4904,7.5972,26.438,13.1235,2.5557,5.3055,7.4229
106,Serilingampally,11.3,2.35,7.8,5.45,48.28,0.72,0.53,-4.73,-41.87,0,11.75,11.75,2.63,551,621,70,585.82,43270,22667,20603,17.4167,78.375,26.4491,11.6372,2.607,5.4904,7.5972,26.438,13.1235,2.5557,5.3055,7.4229
107,Madhapur,10.88,2.22,9.05,6.82,62.75,0.16,0.03,-6.67,-61.28,0,15.41,15.41,2.81,558,610,52,582.57,60103,31403,28700,17.4083,78.3667,26.4491,11.6372,2.607,5.4904,7.5972,26.4379,13.1235,2.5557,5.3055,7.4229
108,Miyapur,8.2,2.24,5.54,3.3,40.27,0.72,0.17,-2.58,-31.48,0,11.81,11.81,2.79,558,619,61,584.54,40905,21143,19762,17.3833,78.3583,26.4491,11.6372,2.607,5.4904,7.5972,26.438,13.1235,2.5557,5.3055,7.4229
109,Hafeezpet,3.98,2.15,3.67,1.52,38.1,0.26,0.01,-1.25,-31.45,0,12.16,12.16,2.45,556,592,36,574.55,51014,26031,24983,17.3667,78.35,26.4491,11.6372,2.607,5.4904,7.5972,26.4379,13.1235,2.5557,5.3055,7.4229
110,Chandanagar,6.54,2.25,5.23,2.98,45.5,1.15,0.26,-1.82,-27.89,0,11.86,11.86,2.5,544,596,52,563.56,39937,20415,19522,17.3333,78.3333,26.4491,11.6372,2.607,5.4904,7.5972,26.438,13.1235,2.5557,5.3055,7.4229
111,Bharathi Nagar,2.08,1.71,1.91,0.19,9.35,0.01,0.02,-0.19,-8.91,0,8.82,8.82,2.29,544,579,35,560.63,54122,28831,25291,17.3167,78.325,24.2854,12.7086,2.7339,6.1072,8.2052,23.965,13.7895,4.1937,5.6041,7.5873
112,Ramachandrapuram,2.4,1.57,2.1,0.53,22.1,0.52,0.11,-0.01,-0.41,0,9.28,9.28,2.34,537,559,22,548.5,93141,48202,44939,17.3,78.3167,28.2909,15.8458,2.3661,5.0633,6.8411,27.5392,16.7459,3.7958,4.8301,6.5872
113,Patancheruvu,15.07,5.53,7.13,1.6,10.61,4.42,0.8,2.82,18.7,0,10.54,10.54,2.41,518,560,42,533.51,78284,40768,37516,17.2833,78.3083,26.4491,11.6372,2.607,5.4904,7.5972,26.4379,13.1235,2.5557,5.3055,7.4229
114,K.P.H.B. Colony,6.2,1.99,4.46,2.48,39.97,0.05,0,-2.42,-39.13,0,12.16,12.16,2.79,566,614,48,587.29,83773,42755,41018,17.2667,78.3,26.4491,11.6372,2.607,5.4904,7.5972,26.4379,13.1235,2.5557,5.3055,7.4229
115,Balaji Nagar,8.77,3.57,3.83,0.25,2.89,1.32,0.3,1.07,12.17,0,16.89,16.89,2.64,539,593,54,564.11,70187,35606,34581,17.25,78.2917,26.5765,12.1546,2.5542,5.4532,7.4686,26.4064,13.5101,2.6465,5.2672,7.2976
116,Allapur,3.29,1.59,2.66,1.06,32.37,0.28,0.02,-0.79,-23.89,0,12.66,12.66,2.61,542,584,42,563.94,46255,23971,22284,17.2333,78.2833,25.5048,9.7169,2.3194,4.6133,6.8771,25.6316,11.124,2.2966,4.675,6.5532
117,Moosapet,1.93,1.66,1.74,0.08,4.23,0.01,0,-0.07,-3.81,0,12.94,12.94,2.26,543,575,32,554.69,69083,35402,33681,17.2167,78.275,26.4491,11.6372,2.607,5.4904,7.5972,26.4379,13.1235,2.5557,5.3055,7.4229
118,Fateh Nagar,3.34,1.98,2.57,0.58,17.45,0.11,0,-0.47,-14.03,0,8.13,8.13,2.08,526,555,29,542.09,52236,26782,25454,17.2,78.2667,26.6052,8.0967,1.3456,4.8272,7.0587,25.6507,10.6172,2.1831,4.6041,6.4418
119,Old Bowenpally,3.15,2.07,2.85,0.78,24.78,0.24,0,-0.54,-17.03,0,9.67,9.67,2.45,533,562,29,546.82,83665,43211,40454,17.1833,78.2583,26.5765,12.1546,2.5542,5.4532,7.4686,26.4064,13.5101,2.6465,5.2672,7.2976
120,Bala Nagar,7.27,1.92,2,0.08,1.11,1.84,1.3,1.76,24.18,0,10.02,10.02,2.46,531,570,39,549.79,41373,21321,20052,17.15,78.2417,26.5765,12.1546,2.5542,5.4532,7.4686,26.4064,13.5101,2.6465,5.2672,7.2976
121,Kukatpally,3.28,2.26,3.18,0.92,28.01,0.56,0.03,-0.36,-10.96,0,8.37,8.37,2.34,543,572,29,555.74,71076,36483,34593,17.1333,78.2333,26.4491,11.6372,2.607,5.4904,7.5972,26.438,13.1235,2.5557,5.3055,7.4229
122,Vivekananda Nagar Colony,1.58,1.42,1.57,0.15,9.44,0.05,0,-0.1,-6.37,0,14.25,14.25,2.36,551,593,42,568.4,45374,23352,22022,17.1167,78.225,26.4491,11.6372,2.607,5.4904,7.5972,26.438,13.1235,2.5557,5.3055,7.4229
123,Hyder Nagar,3.51,1.41,2.85,1.45,41.13,0.16,0,-1.29,-36.6,0,13.35,13.35,2.98,569,614,45,592.8,67730,34758,32972,17.1,78.2167,26.4491,11.6372,2.607,5.4904,7.5972,26.438,13.1235,2.5557,5.3055,7.4229
124,Allywn Colony,2.67,1.47,2.55,1.08,40.44,0.63,0,-0.45,-16.94,0,23.69,23.69,2.76,540,590,50,572.13,87393,44864,42529,17.0833,78.2083,26.4491,11.6372,2.607,5.4904,7.5972,26.438,13.1235,2.5557,5.3055,7.4229
125,Gajularamaram,10.77,3.67,7.84,4.17,38.7,0.44,0.24,-3.73,-34.64,0,16.27,16.27,3.17,562,627,65,591.35,58278,29983,28295,17.0667,78.2,26.4491,11.6372,2.607,5.4904,7.5972,26.4379,13.1235,2.5557,5.3055,7.4229
126,Jagathgiri Gutta,2.37,1.97,2.17,0.2,8.3,0.01,0.04,-0.19,-8.07,0,14.03,14.03,3.49,560,610,50,577.46,56774,29244,27530,17.05,78.1917,26.4491,11.6372,2.607,5.4904,7.5972,26.438,13.1235,2.5557,5.3055,7.4229
127,Rangareddy Nagar,2.61,1.75,2.13,0.38,14.6,0.04,0.13,-0.34,-13.08,0,13.51,13.51,2.47,547,580,33,562.03,48437,25143,23294,17.0333,78.1833,26.4491,11.6372,2.607,5.4904,7.5972,26.438,13.1235,2.5557,5.3055,7.4229
128,Chintal,4.31,1.45,1.5,0.05,1.11,0.08,1.57,0.04,0.81,0,13.76,13.76,2.77,544,592,48,563.42,55187,28559,26628,17.0167,78.175,26.5765,12.1546,2.5542,5.4532,7.4686,26.4064,13.5101,2.6465,5.2672,7.2976
129,Suraram,8.33,2.57,4.26,1.69,20.34,0.25,0.07,-1.44,-17.3,0,15.01,15.01,3.04,566,634,68,595.71,52956,27112,25844,17,78.1667,26.4491,11.6372,2.607,5.4904,7.5972,26.4379,13.1235,2.5557,5.3055,7.4229
130,Subhash Nagar,8.51,3.7,6.88,3.18,37.32,0.08,0.23,-3.1,-36.43,0,14.55,14.55,2.53,550,610,60,576.8,67032,34451,32581,16.9667,78.15,26.6052,8.0967,1.3456,4.8272,7.0587,25.6507,10.6172,2.1831,4.6041,6.4418
131,Quthbullapur,3.76,2.02,2.35,0.33,8.74,0.25,0.66,-0.08,-2.18,0,13.08,13.08,2.35,540,577,37,554.11,44990,22944,22046,16.95,78.1417,26.5765,12.1546,2.5542,5.4532,7.4686,26.4064,13.5101,2.6465,5.2672,7.2976
132,Jeedimetla,8.74,3.1,6.19,3.09,35.35,0.77,1.29,-2.32,-26.58,0,11.14,11.14,2.44,546,606,60,567.55,62237,31326,30911,17.3958,78.4389,26.5765,12.1546,2.5542,5.4532,7.4686,26.4064,13.5101,2.6465,5.2672,7.2976
133,Machabolarum,12.55,3.37,9.33,5.96,47.54,2.36,1.61,-3.6,-28.72,0,13.58,13.58,2.61,565,619,54,588,57310,28949,28361,17.3833,78.425,26.5765,12.1546,2.5542,5.4532,7.4686,26.4064,13.5101,2.6465,5.2672,7.2976
134,Alwal,3.3,2.16,2.91,0.75,22.71,0.42,0.14,-0.33,-9.99,0,8.27,8.27,2.34,552,585,33,569.21,42870,21394,21476,17.375,78.4167,26.5765,12.1546,2.5542,5.4532,7.4686,26.4064,13.5101,2.6465,5.2672,7.2976
135,Venkatapuram,2.92,2.1,2.71,0.62,21.13,0.24,0.01,-0.37,-12.8,0,8.66,8.66,2.3,541,573,32,556.39,51033,25438,25595,17.3667,78.4083,28.398,16.5304,2.8384,5.3243,7.046,28.1277,17.1441,3.4105,5.1987,6.8997
136,Neredmet,7.37,3.85,6.07,2.22,30.11,1.46,0.44,-0.76,-10.34,0,9.77,9.77,2.56,543,589,46,566.25,61858,31189,30669,17.3583,78.4,26.5765,12.1546,2.5542,5.4532,7.4686,26.4064,13.5101,2.6465,5.2672,7.2976
137,Vinayak Nagar,1.94,1.6,1.73,0.13,6.48,0.19,0.12,0.07,3.38,0,9.95,9.95,2.58,525,570,45,545.93,54205,27347,26858,17.35,78.3917,26.4491,11.6372,2.607,5.4904,7.5972,26.438,13.1235,2.5557,5.3055,7.4229
138,Moula Ali,3.55,2.93,3.33,0.4,11.12,0.22,0.03,-0.17,-4.81,0,38.63,38.63,4.35,526,625,99,551.33,48990,24581,24409,17.3417,78.3833,26.5764,12.1546,2.5542,5.4532,7.4686,26.4064,13.5101,2.6465,5.2672,7.2976
139,East Anand Bagh,4.4,2.45,2.74,0.29,6.65,0.5,0.32,0.21,4.75,0,22.98,22.98,2.66,512,578,66,531.48,51642,26223,25419,17.3333,78.375,26.5765,12.1546,2.5542,5.4532,7.4686,26.4064,13.5101,2.6465,5.2672,7.2976
140,Malkajgiri,2.52,2.31,2.31,0,0.04,0.23,0.09,0.23,9.12,0,16.48,16.48,2.46,518,563,45,539.91,52831,26365,26466,17.3167,78.3583,26.5765,12.1546,2.5542,5.4532,7.4686,26.4064,13.5101,2.6465,5.2672,7.2976
141,Gautham Nagar,2.04,1.9,1.91,0.01,0.53,0.01,0,0,0,0,28,28,3.32,520,595,75,539.07,33742,16926,16816,17.3083,78.35,26.2103,8.6242,1.751,4.8098,7.1191,25.6821,10.6849,2.1689,4.6648,6.5845
142,Addagutta,2.1,1.51,1.51,0,0.16,0.05,0.1,0.24,11.29,0,14.88,14.88,3.06,521,567,46,539.59,24089,12253,11836,17.3,78.3417,26.4491,11.6372,2.607,5.4904,7.5972,26.438,13.1235,2.5557,5.3055,7.4229
143,Tarnaka,2.41,1.84,1.84,0,0.2,0.49,0.19,0.49,20.25,0,8.61,8.61,2.42,504,536,32,519.41,52527,26748,25779,17.2917,78.3333,26.5765,12.1546,2.5542,5.4532,7.4686,26.4064,13.5101,2.6465,5.2672,7.2976
144,Mettuguda,3.28,1.49,1.52,0.03,0.96,0.8,0.18,0.77,23.43,0,10.45,10.45,2.64,519,556,37,535,34190,17184,17006,17.2833,78.325,26.5765,12.1546,2.5542,5.4532,7.4686,26.4064,13.5101,2.6465,5.2672,7.2976
145,Seethaphal Mandi,1.08,1.08,1.08,0,0.09,0,0,0,0.08,0,7.39,7.39,2.29,510,532,22,520.99,34659,16654,18005,17.275,78.3167,26.5765,12.1546,2.5542,5.4532,7.4686,26.4064,13.5101,2.6465,5.2672,7.2976
146,Boudha Nagar,0.83,0.83,0.83,0,0.11,0,0,0,-0.11,0,6.92,6.92,2.1,505,525,20,513.02,29920,15171,14749,17.2667,78.3083,26.5765,12.1546,2.5542,5.4532,7.4686,26.4064,13.5101,2.6465,5.2672,7.2976
147,Bansilalpet,2.07,1.85,1.87,0.02,0.91,0.07,0,0.05,2.3,0,10.91,10.91,2.75,517,546,29,529.98,41336,21092,20244,17.2583,78.3,26.5765,12.1546,2.5542,5.4532,7.4686,26.4064,13.5101,2.6465,5.2672,7.2976
148,Ramgopalpet,1.67,1.33,1.42,0.09,5.35,0,0.01,-0.09,-5.24,0,11.49,11.49,2.44,512,537,25,526.17,51326,26059,25267,17.25,78.2917,26.5765,12.1546,2.5542,5.4532,7.4686,26.4064,13.5101,2.6465,5.2672,7.2976
149,Begumpet,5.59,3.11,3.12,0.01,0.11,0.67,0.47,0.82,14.74,0,22.61,22.61,3.01,491,555,64,527.86,31948,15796,16152,17.2417,78.2833,26.5765,12.1546,2.5542,5.4532,7.4686,26.4064,13.5101,2.6465,5.2672,7.2976
150,Monda Market,2.6,2.21,2.35,0.13,5.03,0,0,-0.13,-4.99,0,13.06,13.06,2.54,528,571,43,545.4,29932,14812,15120,17.225,78.2667,26.5765,12.1546,2.5542,5.4532,7.4686,26.4064,13.5101,2.6465,5.2672,7.2976
,,610.1,293.45,425.21,131.76,,61.74,34.03,-65.91,-10.8,,,,,,,,,,,,,,,,,,,,,,,
